<FluentXMLReport>
<version>
Fluent
Version: axi, dp, pbns, lam (axi, double precision, pressure-based, laminar)
Release: 18.1.0
Title: 
</version>

<Models>

Models
------

   Model                        Settings       
   -----------------------------------------
   Space                        Axisymmetric   
   Time                         Steady         
   Viscous                      Laminar        
   Heat Transfer                Disabled       
   Solidification and Melting   Disabled       
   Species                      Disabled       
   Coupled Dispersed Phase      Disabled       
   NOx Pollutants               Disabled       
   SOx Pollutants               Disabled       
   Soot                         Disabled       
   Mercury Pollutants           Disabled       

</Models>

<MaterialProperties>
Material Properties
-------------------

   Material: air (fluid)

      Property                        Units     Method     Value(s)   
      -------------------------------------------------------------
      Density                         kg/m3     constant   952        
      Cp (Specific Heat)              j/kg-k    constant   1006.43    
      Thermal Conductivity            w/m-k     constant   0.0242     
      Viscosity                       kg/m-s    constant   1          
      Molecular Weight                kg/kmol   constant   28.966     
      Thermal Expansion Coefficient   1/k       constant   0          
      Speed of Sound                  m/s       none       #f         

   Material: aluminum (solid)

      Property               Units    Method     Value(s)   
      ---------------------------------------------------
      Density                kg/m3    constant   2719       
      Cp (Specific Heat)     j/kg-k   constant   871        
      Thermal Conductivity   w/m-k    constant   202.4      

</MaterialProperties>

<CellZoneConditions>
Cell Zone Conditions
--------------------

   Zones

      name                 id   type    
      -------------------------------
      fluid-surface_body   3    fluid   

   Setup Conditions

      fluid-surface_body

         Condition       Value   
         ---------------------
         Frame Motion?   no      

</CellZoneConditions>

<BoundaryConditions>
Boundary Conditions
-------------------

   Zones

      name              id   type              
      --------------------------------------
      velocity_inlet    6    velocity-inlet    
      pressure_outlet   7    pressure-outlet   
      axis              8    axis              
      sphere_wall       9    wall              

   Setup Conditions

      velocity_inlet

         Condition                       Value   
         -------------------------------------
         Velocity Specification Method   1       
         Axial-Velocity (m/s)            1       

      pressure_outlet

         Condition   Value   
         -----------------

      axis

         Condition   Value   
         -----------------

      sphere_wall

         Condition                  Value   
         --------------------------------
         Wall Motion                0       
         Shear Boundary Condition   0       

</BoundaryConditions>

<SolverSettings>
Solver Settings
---------------

   Equations

      Equation   Solved   
      -----------------
      Flow       yes      

   Numerics

      Numeric                         Enabled   
      ---------------------------------------
      Absolute Velocity Formulation   yes       

   Relaxation

      Variable      Relaxation Factor   
      -------------------------------
      Density       1                   
      Body Forces   1                   

   Linear Solver

                 Solver    Termination   Residual Reduction   
      Variable   Type      Criterion     Tolerance            
      -----------------------------------------------------
      Flow       F-Cycle   0.1                                

   Pressure-Velocity Coupling

      Parameter                            Value     
      --------------------------------------------
      Type                                 Coupled   
      Pseudo Transient                     no        
      Flow Courant Number                  200       
      Explicit momentum under-relaxation   0.5       
      Explicit pressure under-relaxation   0.5       

   Discretization Scheme

      Variable   Scheme                
      ------------------------------
      Pressure   Second Order          
      Momentum   Second Order Upwind   

   Solution Limits

      Quantity                    Limit   
      ---------------------------------
      Minimum Absolute Pressure   1       
      Maximum Absolute Pressure   5e+10   
      Minimum Temperature         1       
      Maximum Temperature         5000    

</SolverSettings>

</FluentXMLReport>